#,Person,Device,Method,Result
1,Ollie,Watch,Flat,1
2,Logan,Watch,Hover,0
3,Ollie,Galaxy,Perp,0
4,Ollie,Galaxy,Cat,0
5,Bryson,Watch,Hover,1
6,Logan,Galaxy,Perp,0
7,Logan,iPhone,Cat,1
8,Ollie,Galaxy,Perp,0
9,Ollie,Galaxy,Hover,1
10,Bryson,Galaxy,Perp,0
11,Bryson,Galaxy,Hover,0
12,Bryson,Galaxy,Cat,0
13,Ollie,iPhone,Hover,1
14,Logan,iPhone,Perp,0
15,Logan,Galaxy,Hover,1
16,Bryson,Galaxy,Hover,1
17,Ollie,iPhone,Perp,1
18,Logan,iPhone,Hover,0
19,Ollie,Galaxy,Perp,0
20,Bryson,Watch,Cat,1
21,Ollie,Galaxy,Cat,1
22,Logan,iPhone,Cat,1
23,Ollie,iPhone,Perp,1
24,Logan,Watch,Flat,1
25,Ollie,Galaxy,Hover,1
26,Ollie,iPhone,Cat,1
27,Bryson,iPhone,Perp,0
28,Bryson,Galaxy,Perp,0
29,Ollie,iPhone,Flat,1
30,Ollie,Galaxy,Flat,1
31,Bryson,iPhone,Flat,1
32,Ollie,Galaxy,Hover,1
33,Ollie,Watch,Perp,1
34,Bryson,Galaxy,Perp,1
35,Bryson,Watch,Perp,1
36,Logan,iPhone,Hover,0
37,Bryson,Galaxy,Cat,1
38,Ollie,Watch,Cat,1
39,Bryson,iPhone,Flat,1
40,Bryson,Watch,Perp,1
41,Bryson,Galaxy,Flat,1
42,Ollie,iPhone,Cat,1
43,Bryson,Watch,Cat,1
44,Ollie,iPhone,Hover,1
45,Bryson,Galaxy,Cat,1
46,Logan,Watch,Perp,1
47,Bryson,Watch,Flat,0
48,Logan,Watch,Cat,1
49,Ollie,iPhone,Perp,1
50,Ollie,iPhone,Perp,0
51,Logan,iPhone,Flat,1
52,Bryson,iPhone,Hover,0
53,Logan,Watch,Perp,1
54,Logan,iPhone,Hover,1
55,Bryson,Watch,Perp,1
56,Logan,Galaxy,Flat,1
57,Bryson,Galaxy,Hover,1
58,Logan,Watch,Perp,1
59,Logan,Galaxy,Perp,0
60,Logan,Galaxy,Perp,0
61,Bryson,Watch,Hover,1
62,Ollie,Watch,Hover,1
63,Bryson,Watch,Cat,0
64,Logan,iPhone,Flat,1
65,Ollie,Galaxy,Flat,1
66,Logan,iPhone,Hover,1
67,Logan,iPhone,Hover,1
68,Ollie,iPhone,Flat,1
69,Ollie,iPhone,Perp,1
70,Ollie,Galaxy,Perp,0
71,Ollie,Galaxy,Hover,1
72,Logan,Galaxy,Cat,0
73,Bryson,iPhone,Hover,1
74,Bryson,Watch,Perp,1
75,Bryson,Watch,Cat,0
76,Bryson,iPhone,Hover,1
77,Ollie,Galaxy,Flat,1
78,Logan,Galaxy,Flat,0
79,Logan,Galaxy,Hover,1
80,Ollie,Watch,Cat,0
81,Bryson,Galaxy,Hover,1
82,Logan,Watch,Perp,1
83,Ollie,Watch,Perp,0
84,Ollie,iPhone,Flat,1
85,Ollie,Galaxy,Cat,0
86,Bryson,Watch,Hover,1
87,Ollie,Galaxy,Perp,0
88,Logan,Galaxy,Cat,1
89,Logan,Watch,Cat,1
90,Ollie,iPhone,Flat,1
91,Bryson,Galaxy,Flat,1
92,Logan,Watch,Hover,1
93,Bryson,Watch,Hover,1
94,Logan,Galaxy,Hover,1
95,Ollie,iPhone,Flat,1
96,Logan,iPhone,Hover,1
97,Bryson,iPhone,Hover,1
98,Bryson,iPhone,Cat,1
99,Logan,iPhone,Perp,1
100,Ollie,Galaxy,Perp,0
101,Ollie,iPhone,Cat,1
102,Logan,iPhone,Perp,1
103,Ollie,Watch,Perp,1
104,Ollie,Watch,Hover,1
105,Ollie,Watch,Flat,0
106,Bryson,Galaxy,Flat,1
107,Ollie,iPhone,Hover,1
108,Bryson,Watch,Hover,1
109,Logan,Watch,Cat,1
110,Bryson,Watch,Cat,1
111,Logan,Galaxy,Hover,1
112,Bryson,Galaxy,Perp,0
113,Bryson,Galaxy,Hover,1
114,Ollie,Watch,Cat,1
115,Bryson,Watch,Flat,1
116,Logan,Galaxy,Perp,0
117,Logan,iPhone,Flat,1
118,Logan,Watch,Flat,1
119,Bryson,Galaxy,Cat,1
120,Ollie,Galaxy,Flat,1
121,Logan,iPhone,Hover,0
122,Ollie,Watch,Hover,1
123,Ollie,Watch,Cat,1
124,Bryson,iPhone,Flat,1
125,Logan,Galaxy,Cat,1
126,Bryson,Galaxy,Flat,1
127,Logan,iPhone,Perp,1
128,Logan,Galaxy,Cat,1
129,Logan,Galaxy,Cat,1
130,Ollie,iPhone,Flat,1
131,Logan,Galaxy,Perp,0
132,Bryson,Watch,Hover,1
133,Ollie,Galaxy,Flat,1
134,Bryson,Watch,Flat,1
135,Ollie,iPhone,Cat,0
136,Ollie,Watch,Perp,1
137,Ollie,Watch,Perp,1
138,Bryson,Galaxy,Hover,1
139,Bryson,iPhone,Cat,1
140,Logan,Galaxy,Hover,1
141,Bryson,Galaxy,Cat,1
142,Ollie,iPhone,Perp,1
143,Ollie,Galaxy,Hover,1
144,Ollie,Watch,Hover,1
145,Logan,Galaxy,Perp,0
146,Logan,iPhone,Flat,1
147,Bryson,Galaxy,Hover,1
148,Logan,Galaxy,Cat,1
149,Logan,Watch,Flat,1
150,Ollie,Galaxy,Perp,0
151,Bryson,iPhone,Hover,1
152,Ollie,Watch,Cat,1
153,Logan,iPhone,Hover,1
154,Ollie,Watch,Hover,1
155,Bryson,iPhone,Flat,1
156,Bryson,iPhone,Hover,1
157,Ollie,Galaxy,Cat,0
158,Bryson,iPhone,Perp,1
159,Logan,Galaxy,Cat,1
160,Bryson,iPhone,Cat,1
161,Ollie,iPhone,Hover,1
162,Logan,iPhone,Flat,1
163,Logan,Watch,Flat,1
164,Ollie,Watch,Perp,1
165,Bryson,iPhone,Perp,1
166,Bryson,Galaxy,Hover,1
167,Ollie,Galaxy,Perp,0
168,Ollie,Galaxy,Flat,1
169,Logan,iPhone,Hover,1
170,Bryson,Galaxy,Perp,0
171,Logan,Watch,Perp,1
172,Bryson,Watch,Hover,1
173,Logan,Watch,Hover,1
174,Logan,iPhone,Cat,1
175,Bryson,Watch,Perp,1
176,Ollie,iPhone,Hover,1
177,Bryson,Galaxy,Flat,1
178,Logan,Watch,Cat,1
179,Logan,Galaxy,Flat,1
180,Logan,Galaxy,Perp,0
181,Logan,Watch,Hover,1
182,Logan,iPhone,Perp,1
183,Logan,Watch,Cat,1
184,Bryson,iPhone,Cat,1
185,Bryson,iPhone,Cat,1
186,Logan,iPhone,Perp,1
187,Logan,Galaxy,Flat,1
188,Logan,Watch,Hover,1
189,Logan,iPhone,Perp,1
190,Logan,iPhone,Cat,1
191,Bryson,Galaxy,Cat,1
192,Ollie,iPhone,Perp,1
193,Bryson,Watch,Perp,0
194,Logan,iPhone,Flat,1
195,Ollie,Galaxy,Perp,0
196,Bryson,iPhone,Flat,1
197,Bryson,Watch,Flat,1
198,Ollie,iPhone,Cat,1
199,Ollie,Watch,Flat,1
200,Bryson,Galaxy,Perp,0
201,Bryson,Galaxy,Hover,1
202,Ollie,iPhone,Hover,1
203,Ollie,Watch,Hover,1
204,Bryson,iPhone,Hover,1
205,Logan,Watch,Flat,1
206,Logan,Galaxy,Cat,1
207,Logan,Galaxy,Cat,1
208,Bryson,iPhone,Perp,1
209,Logan,Watch,Flat,1
210,Bryson,Galaxy,Hover,1
211,Bryson,Galaxy,Perp,0
212,Ollie,Watch,Flat,1
213,Bryson,iPhone,Hover,1
214,Ollie,Watch,Flat,1
215,Ollie,Galaxy,Cat,0
216,Logan,Watch,Hover,1
217,Logan,Galaxy,Flat,1
218,Ollie,iPhone,Hover,1
219,Ollie,Watch,Hover,1
220,Logan,iPhone,Perp,0
221,Bryson,Watch,Perp,1
222,Bryson,iPhone,Hover,1
223,Bryson,Galaxy,Cat,1
224,Ollie,Galaxy,Flat,1
225,Ollie,iPhone,Cat,1
226,Bryson,Watch,Cat,1
227,Ollie,Galaxy,Flat,1
228,Bryson,Galaxy,Cat,1
229,Ollie,Watch,Cat,1
230,Bryson,Watch,Flat,1
231,Ollie,Watch,Perp,0
232,Ollie,iPhone,Cat,1
233,Logan,Watch,Flat,1
234,Logan,Watch,Hover,1
235,Logan,Watch,Perp,1
236,Logan,iPhone,Cat,1
237,Logan,Galaxy,Perp,0
238,Logan,Galaxy,Hover,1
239,Ollie,Watch,Hover,1
240,Logan,iPhone,Cat,1
241,Logan,iPhone,Flat,1
242,Bryson,Galaxy,Flat,1
243,Ollie,Galaxy,Cat,0
244,Ollie,iPhone,Hover,1
245,Ollie,Galaxy,Cat,0
246,Ollie,Watch,Flat,1
247,Ollie,iPhone,Hover,1
248,Logan,iPhone,Cat,1
249,Logan,Watch,Cat,1
250,Bryson,iPhone,Perp,1
251,Logan,Galaxy,Hover,1
252,Ollie,Watch,Flat,1
253,Logan,iPhone,Cat,1
254,Bryson,iPhone,Perp,1
255,Logan,Galaxy,Hover,1
256,Ollie,Galaxy,Hover,1
257,Ollie,iPhone,Perp,1
258,Bryson,iPhone,Perp,1
259,Logan,iPhone,Perp,1
260,Ollie,Galaxy,Perp,0
261,Bryson,Galaxy,Perp,0
262,Logan,Watch,Flat,1
263,Ollie,Watch,Perp,1
264,Logan,Galaxy,Cat,1
265,Ollie,Watch,Hover,1
266,Logan,Galaxy,Flat,1
267,Bryson,Watch,Hover,1
268,Ollie,Watch,Flat,1
269,Ollie,Watch,Hover,1
270,Bryson,Galaxy,Flat,1
271,Bryson,iPhone,Flat,1
272,Bryson,iPhone,Perp,0
273,Bryson,Watch,Cat,1
274,Bryson,iPhone,Flat,1
275,Bryson,Watch,Perp,0
276,Ollie,Watch,Perp,1
277,Bryson,iPhone,Perp,1
278,Bryson,Watch,Flat,1
279,Ollie,Watch,Cat,1
280,Logan,iPhone,Flat,1
281,Logan,iPhone,Cat,1
282,Ollie,iPhone,Cat,1
283,Logan,iPhone,Perp,1
284,Bryson,Galaxy,Cat,1
285,Bryson,Watch,Flat,1
286,Ollie,Galaxy,Hover,1
287,Ollie,iPhone,Hover,1
288,Ollie,Galaxy,Hover,1
289,Bryson,iPhone,Flat,1
290,Ollie,Galaxy,Hover,1
291,Bryson,Watch,Flat,1
292,Ollie,Galaxy,Cat,1
293,Logan,Galaxy,Perp,0
294,Bryson,Galaxy,Perp,0
295,Bryson,Galaxy,Flat,1
296,Logan,iPhone,Hover,1
297,Logan,Watch,Hover,1
298,Bryson,Galaxy,Perp,0
299,Logan,Galaxy,Flat,1
300,Ollie,Galaxy,Hover,1
301,Ollie,Watch,Cat,1
302,Ollie,iPhone,Flat,1
303,Ollie,Watch,Cat,1
304,Logan,Watch,Cat,1
305,Logan,Watch,Perp,1
306,Bryson,Galaxy,Cat,1
307,Bryson,Watch,Hover,1
308,Logan,iPhone,Cat,1
309,Ollie,iPhone,Perp,1
310,Bryson,Galaxy,Flat,1
311,Ollie,Galaxy,Cat,1
312,Bryson,Watch,Perp,1
313,Ollie,iPhone,Flat,1
314,Logan,iPhone,Flat,1
315,Ollie,Galaxy,Cat,1
316,Bryson,Watch,Cat,1
317,Bryson,iPhone,Hover,1
318,Ollie,iPhone,Flat,1
319,Bryson,iPhone,Cat,1
320,Logan,Galaxy,Hover,1
321,Logan,Galaxy,Flat,1
322,Ollie,Watch,Cat,1
323,Bryson,iPhone,Flat,1
324,Logan,Watch,Perp,1
325,Ollie,iPhone,Cat,1
326,Logan,iPhone,Flat,0
327,Logan,Watch,Cat,1
328,Bryson,iPhone,Flat,1
329,Logan,Watch,Hover,1
330,Bryson,Watch,Hover,1
331,Logan,Watch,Flat,1
332,Bryson,Galaxy,Flat,1
333,Ollie,iPhone,Perp,1
334,Logan,Watch,Hover,1
335,Logan,Galaxy,Perp,0
336,Logan,Watch,Cat,1
337,Ollie,Watch,Flat,1
338,Logan,Galaxy,Hover,1
339,Bryson,Watch,Cat,1
340,Logan,Watch,Flat,1
341,Bryson,Watch,Flat,1
342,Bryson,Watch,Cat,1
343,Ollie,Galaxy,Flat,1
344,Ollie,Galaxy,Flat,1
345,Logan,Galaxy,Flat,1
346,Ollie,Watch,Flat,1
347,Bryson,iPhone,Cat,1
348,Bryson,iPhone,Cat,1
349,Bryson,Watch,Perp,0
350,Logan,Galaxy,Flat,1
351,Bryson,iPhone,Cat,1
352,Ollie,iPhone,Flat,1
353,Bryson,iPhone,Cat,1
354,Bryson,Watch,Flat,1
355,Ollie,Watch,Perp,0
356,Logan,Watch,Perp,1
357,Bryson,iPhone,Perp,1
358,Logan,Watch,Perp,1
359,Ollie,iPhone,Cat,1
360,Logan,Watch,Cat,1